{
  "algorithm":"K-Means",
  "WSEEE":2210172.84697636,
  "Clusters":[{
    "id":0,
    "size":962,
    "error":1966211.986621829,
    "terms":["place","like","good","food","great","one","time","get","would","go"]
  },{
    "id":1,
    "size":22,
    "error":193419.6496168428,
    "terms":["one","would","back","time","like","get","little","also","2","good"]
  },{
    "id":2,
    "size":5,
    "error":34541.04544565367,
    "terms":["us","food","dark","pizza","one","bar","dining","like","room","cashier"]
  },{
    "id":3,
    "size":7,
    "error":16000.165292011885,
    "terms":["sushi","fish","rolls","like","really","roll","food","place","one","raw"]
  },{
    "id":4,
    "size":1,
    "error":0.0,
    "terms":["la","best","say","time","bakery","tolteca","hit","temptation","fan","wandered"]
  },{
    "id":5,
    "size":1,
    "error":0.0,
    "terms":["panchos","churro","would","bread","churros","plain","button","im","time","leche"]
  },{
    "id":6,
    "size":1,
    "error":0.0,
    "terms":["kennedy","place","food","nice","makes","bwv","like","experience","one","expect"]
  },{
    "id":7,
    "size":1,
    "error":0.0,
    "terms":["data","drive","dont","169","hard","first","told","would","get","friendly"]
  }]
}
